{"epoch": 50, "running_loss": 0.0036111276131123304, "_timestamp": 1712098052.5693939, "_runtime": 10.143202781677246, "_step": 49, "_wandb": {"runtime": 7}}