{"epoch": 10, "running_loss": 0.004657285021884101, "_timestamp": 1712096318.3552926, "_runtime": 10.127173662185669, "_step": 9, "_wandb": {"runtime": 7}}