{"epoch": 17, "running_loss": 0.004226561821997166, "_timestamp": 1712672207.6269643, "_runtime": 21.528745412826538, "_step": 34, "validation loss": 0.0030460591660812497, "test_loss": 83.68492126464844}