{"epoch": 14, "running_loss": 0.0052896250660220785, "_timestamp": 1712069255.7351866, "_runtime": 13.140902519226074, "_step": 63, "validation loss": 0.004227403085678816, "_wandb": {"runtime": 10}}