{"epoch": 28, "running_loss": 0.004080870111162464, "_timestamp": 1712070300.1700487, "_runtime": 11.461208820343018, "_step": 55, "validation loss": 0.0028498356696218252, "_wandb": {"runtime": 8}}