{"epoch": 10, "running_loss": 0.004489134841909011, "_timestamp": 1712097071.8946445, "_runtime": 9.7904794216156, "_step": 9, "_wandb": {"runtime": 7}}