{"epoch": 100, "running_loss": 0.0034890674675504365, "_timestamp": 1712097537.074567, "_runtime": 12.10560417175293, "_step": 99, "_wandb": {"runtime": 9}}