{"epoch": 100, "running_loss": 0.06641956232488155, "_timestamp": 1712098237.9231813, "_runtime": 13.090290307998657, "_step": 99, "_wandb": {"runtime": 9}}