{"epoch": 100, "running_loss": 0.1526365950703621, "_timestamp": 1712671612.9687932, "_runtime": 22.378475189208984, "_step": 200, "validation loss": 0.23949702084064484, "test_loss": 3663.11669921875}