{"epoch": 100, "running_loss": 0.004279538639821112, "_timestamp": 1712098185.6090581, "_runtime": 11.353933095932007, "_step": 99, "_wandb": {"runtime": 8}}