{"epoch": 15, "running_loss": 0.004298303586741288, "_timestamp": 1712070279.342377, "_runtime": 11.318587064743042, "_step": 29, "validation loss": 0.003049720311537385, "_wandb": {"runtime": 9}}