{"epoch": 50, "running_loss": 0.0038200587732717395, "_timestamp": 1712097897.7541437, "_runtime": 10.239341735839844, "_step": 49, "_wandb": {"runtime": 7}}