{"epoch": 50, "running_loss": 0.003530453591208373, "_timestamp": 1712096417.3432581, "_runtime": 10.712898254394531, "_step": 49, "_wandb": {"runtime": 8}}