{"epoch": 10, "running_loss": 0.20385073870420456, "_timestamp": 1712097638.8048193, "_runtime": 10.167798280715942, "_step": 9, "_wandb": {"runtime": 7}}