{"epoch": 100, "running_loss": 0.0586815569549799, "_timestamp": 1712098160.3350413, "_runtime": 12.969401359558105, "_step": 99, "_wandb": {"runtime": 10}}