{"epoch": 100, "running_loss": 0.0042577373263026986, "_timestamp": 1712096772.633632, "_runtime": 11.630393028259277, "_step": 99, "_wandb": {"runtime": 9}}