{"epoch": 15, "running_loss": 0.004274206096306443, "_timestamp": 1712671927.2619042, "_runtime": 20.78945827484131, "_step": 30, "validation loss": 0.003036677255295217, "test_loss": 83.21102142333984}