{"epoch": 10, "running_loss": 0.09882716302360807, "_timestamp": 1712096287.2380228, "_runtime": 9.838982820510864, "_step": 9, "_wandb": {"runtime": 7}}