{"epoch": 100, "running_loss": 0.1484128013253212, "_timestamp": 1712676970.2807841, "_runtime": 13.383699178695679, "_step": 200, "validation loss": 0.22789232432842255, "test_loss": 3460.189208984375}