{"epoch": 10, "running_loss": 0.004172258677759341, "_timestamp": 1712096343.7579856, "_runtime": 9.996256589889526, "_step": 9, "_wandb": {"runtime": 7}}