{"epoch": 10, "running_loss": 0.007728498429059982, "_timestamp": 1712097616.8010163, "_runtime": 9.83131742477417, "_step": 9, "_wandb": {"runtime": 7}}