{"epoch": 10, "running_loss": 0.0050553240192433195, "_timestamp": 1712096906.315246, "_runtime": 10.818099021911621, "_step": 9, "_wandb": {"runtime": 7}}