{"epoch": 10, "running_loss": 0.07842345535755157, "_timestamp": 1712097046.1134658, "_runtime": 9.872479677200317, "_step": 9, "_wandb": {"runtime": 7}}