{"epoch": 100, "running_loss": 0.0036886631112013546, "_timestamp": 1712096798.665138, "_runtime": 11.530585050582886, "_step": 99, "_wandb": {"runtime": 9}}