{"epoch": 100, "running_loss": 0.005341971293091774, "_timestamp": 1712672245.6133773, "_runtime": 25.09916043281555, "_step": 200, "validation loss": 0.003904190380126238, "test_loss": 112.4833755493164}