{"epoch": 100, "running_loss": 0.22634471207857132, "_timestamp": 1712671398.4260023, "_runtime": 23.232348203659058, "_step": 200, "validation loss": 0.3132629096508026, "test_loss": 4865.45703125}