{"epoch": 10, "running_loss": 0.004047527177525418, "_timestamp": 1712096236.1337662, "_runtime": 10.199788093566895, "_step": 9, "_wandb": {"runtime": 7}}