{"epoch": 50, "running_loss": 0.04192512961370604, "_timestamp": 1712096526.2837865, "_runtime": 10.87450647354126, "_step": 49, "_wandb": {"runtime": 8}}