{"epoch": 15, "running_loss": 0.004472141930212577, "_timestamp": 1712068661.820684, "_runtime": 11.191105842590332, "_step": 29, "validation loss": 0.003070072503760457, "_wandb": {"runtime": 8}}