{"epoch": 100, "running_loss": 0.18396435678005219, "_timestamp": 1712671510.3666732, "_runtime": 23.159372329711914, "_step": 200, "validation loss": 0.2633431851863861, "test_loss": 4013.873291015625}