{"epoch": 100, "running_loss": 0.0035258133430033922, "_timestamp": 1712098293.5607228, "_runtime": 11.178199768066406, "_step": 99, "_wandb": {"runtime": 8}}