{"epoch": 50, "running_loss": 0.004266086267307401, "_timestamp": 1712098027.8943508, "_runtime": 10.235381841659546, "_step": 49, "_wandb": {"runtime": 7}}