{"epoch": 10, "running_loss": 0.004136740562639066, "_timestamp": 1712096260.504782, "_runtime": 9.88625192642212, "_step": 9, "_wandb": {"runtime": 7}}