{"epoch": 10, "running_loss": 0.0043329662709896055, "_timestamp": 1712096157.210901, "_runtime": 10.00035810470581, "_step": 9, "_wandb": {"runtime": 7}}