{"epoch": 100, "running_loss": 0.004322283202782273, "_timestamp": 1712098105.8173192, "_runtime": 10.873297214508057, "_step": 99, "_wandb": {"runtime": 8}}