{"epoch": 100, "running_loss": 0.003536630654707551, "_timestamp": 1712098210.0707624, "_runtime": 10.718345403671265, "_step": 99, "_wandb": {"runtime": 8}}