{"epoch": 100, "running_loss": 0.004127745400182903, "_timestamp": 1712098261.6027532, "_runtime": 10.909297227859497, "_step": 99, "_wandb": {"runtime": 8}}