{"epoch": 10, "running_loss": 0.006122582747290532, "_timestamp": 1712068683.5373497, "_runtime": 10.793875694274902, "_step": 19, "validation loss": 0.00415697880089283, "_wandb": {"runtime": 7}}