{"epoch": 10, "running_loss": 0.14490030705928802, "_timestamp": 1712097712.2051208, "_runtime": 9.968511819839478, "_step": 9, "_wandb": {"runtime": 7}}