{"epoch": 10, "running_loss": 0.00404345546849072, "_timestamp": 1712096183.4582143, "_runtime": 10.05591630935669, "_step": 9, "_wandb": {"runtime": 7}}