{"epoch": 10, "running_loss": 0.0736404157110623, "_timestamp": 1712096213.0488114, "_runtime": 9.84544849395752, "_step": 9, "_wandb": {"runtime": 7}}