{"epoch": 100, "running_loss": 0.0035331808806707463, "_timestamp": 1712097457.6126726, "_runtime": 10.98594355583191, "_step": 99, "_wandb": {"runtime": 8}}