{"epoch": 50, "running_loss": 0.0034909562673419714, "_timestamp": 1712096577.8926306, "_runtime": 10.708085536956787, "_step": 49, "_wandb": {"runtime": 8}}