{"epoch": 100, "running_loss": 0.014283763555188974, "_timestamp": 1712097483.242974, "_runtime": 10.849061965942383, "_step": 99, "_wandb": {"runtime": 8}}