{"epoch": 50, "running_loss": 0.08941418677568436, "_timestamp": 1712097928.790576, "_runtime": 10.16686487197876, "_step": 49, "_wandb": {"runtime": 7}}