{"epoch": 50, "running_loss": 0.06907879064480464, "_timestamp": 1712097094.2704296, "_runtime": 10.504425525665283, "_step": 49, "_wandb": {"runtime": 8}}