{"epoch": 50, "running_loss": 0.0037949621910229325, "_timestamp": 1712097981.5276518, "_runtime": 10.394129753112793, "_step": 49, "_wandb": {"runtime": 8}}