{"epoch": 100, "running_loss": 0.004182418032238881, "_timestamp": 1712097431.7069206, "_runtime": 10.903051614761353, "_step": 99, "_wandb": {"runtime": 8}}