{"epoch": 50, "running_loss": 0.004314585278431575, "_timestamp": 1712097187.5477946, "_runtime": 10.480643510818481, "_step": 49, "_wandb": {"runtime": 8}}