{"epoch": 100, "running_loss": 0.1329253651201725, "_timestamp": 1712671544.4835968, "_runtime": 22.479227781295776, "_step": 200, "validation loss": 0.21462787687778473, "test_loss": 3255.660400390625}