{"epoch": 100, "running_loss": 0.12261193990707397, "_timestamp": 1712676945.0419564, "_runtime": 13.895681381225586, "_step": 200, "validation loss": 0.1796950250864029, "test_loss": 2750.058837890625}