{"epoch": 7, "running_loss": 0.004103797860443592, "_timestamp": 1712672350.4924812, "_runtime": 21.363720178604126, "_step": 14, "validation loss": 0.003266537096351385, "test_loss": 73.70949935913086}