{"epoch": 100, "running_loss": 0.11587597926457723, "_timestamp": 1712671647.0349746, "_runtime": 22.7776095867157, "_step": 200, "validation loss": 0.18518218398094177, "test_loss": 2814.83447265625}