{"epoch": 100, "running_loss": 0.11968122174342473, "_timestamp": 1712671717.6043944, "_runtime": 23.291630506515503, "_step": 200, "validation loss": 0.19220034778118134, "test_loss": 2923.22900390625}