{"epoch": 100, "running_loss": 0.06641349196434021, "_timestamp": 1712097317.2022338, "_runtime": 10.81183385848999, "_step": 99, "_wandb": {"runtime": 8}}