{"epoch": 100, "running_loss": 0.004161728679069451, "_timestamp": 1712096688.5089402, "_runtime": 11.287360191345215, "_step": 99, "_wandb": {"runtime": 8}}