{"epoch": 100, "running_loss": 0.0036646961234509945, "_timestamp": 1712097373.485193, "_runtime": 11.084450960159302, "_step": 99, "_wandb": {"runtime": 8}}