{"epoch": 19, "running_loss": 0.004505603387951851, "_timestamp": 1712671961.5919456, "_runtime": 20.731400728225708, "_step": 38, "validation loss": 0.0031621886882930994, "test_loss": 90.16168975830078}