{"epoch": 100, "running_loss": 0.03148211042086283, "_timestamp": 1712097396.1542587, "_runtime": 10.906602621078491, "_step": 99, "_wandb": {"runtime": 8}}