{"epoch": 50, "running_loss": 0.08929189188139779, "_timestamp": 1712096366.433537, "_runtime": 10.721818923950195, "_step": 49, "_wandb": {"runtime": 8}}