{"epoch": 50, "running_loss": 0.0035097396466881037, "_timestamp": 1712096500.4093153, "_runtime": 10.695703268051147, "_step": 49, "_wandb": {"runtime": 8}}