{"epoch": 100, "running_loss": 0.004019197231779496, "_timestamp": 1712097510.9998736, "_runtime": 12.5303475856781, "_step": 99, "_wandb": {"runtime": 9}}