{"epoch": 100, "running_loss": 0.0032856198626437356, "_timestamp": 1712096662.9536166, "_runtime": 11.37495756149292, "_step": 99, "_wandb": {"runtime": 8}}