{"epoch": 10, "running_loss": 0.18632297217845917, "_timestamp": 1712097562.2857976, "_runtime": 11.061302661895752, "_step": 9, "_wandb": {"runtime": 8}}