{"epoch": 50, "running_loss": 0.06632741913199425, "_timestamp": 1712097165.5440388, "_runtime": 10.343763828277588, "_step": 49, "_wandb": {"runtime": 7}}