{"epoch": 50, "running_loss": 0.03725371616227286, "_timestamp": 1712096448.2927716, "_runtime": 10.642496585845947, "_step": 49, "_wandb": {"runtime": 8}}