{"epoch": 50, "running_loss": 0.005036274436861277, "_timestamp": 1712097871.8476014, "_runtime": 10.186111450195312, "_step": 49, "_wandb": {"runtime": 7}}