{"epoch": 100, "running_loss": 0.15513639152050018, "_timestamp": 1712671578.7470357, "_runtime": 22.770113706588745, "_step": 200, "validation loss": 0.21670688688755035, "test_loss": 3302.8046875}