{"epoch": 1, "running_loss": 0.1798583740989367, "_timestamp": 1712068477.3573258, "_runtime": 29.52974271774292, "_step": 0, "_wandb": {"runtime": 27}}