{"epoch": 50, "running_loss": 0.003685218437264363, "_timestamp": 1712097213.855254, "_runtime": 10.552373886108398, "_step": 49, "_wandb": {"runtime": 8}}