{"epoch": 100, "running_loss": 0.022795964032411575, "_timestamp": 1712672101.4096918, "_runtime": 23.880810737609863, "_step": 200, "validation loss": 0.02566804550588131, "test_loss": 493.36785888671875}