{"epoch": 50, "running_loss": 0.04689529165625572, "_timestamp": 1712097238.854731, "_runtime": 10.531706094741821, "_step": 49, "_wandb": {"runtime": 8}}