{"epoch": 27, "running_loss": 0.003910264155517022, "_timestamp": 1712068639.9589252, "_runtime": 11.392701148986816, "_step": 53, "validation loss": 0.002903518034145236, "_wandb": {"runtime": 9}}