{"epoch": 12, "running_loss": 0.004109371453523636, "_timestamp": 1712068728.1809115, "_runtime": 10.637643575668335, "_step": 23, "validation loss": 0.0028639030642807484, "_wandb": {"runtime": 7}}