{"epoch": 12, "running_loss": 0.004975597560405731, "_timestamp": 1712672025.7880359, "_runtime": 20.64869475364685, "_step": 24, "validation loss": 0.0041094315238296986, "test_loss": 90.78693389892578}