{"epoch": 10, "running_loss": 0.16296937068303427, "_timestamp": 1712097021.8730822, "_runtime": 10.983406066894531, "_step": 9, "_wandb": {"runtime": 8}}