{"epoch": 23, "running_loss": 0.0040171238748977585, "_timestamp": 1712068754.316846, "_runtime": 14.723205804824829, "_step": 45, "validation loss": 0.002871599281206727, "_wandb": {"runtime": 11}}