{"epoch": 50, "running_loss": 0.0039139895566872186, "_timestamp": 1712096474.123513, "_runtime": 10.575984001159668, "_step": 49, "_wandb": {"runtime": 8}}