{"epoch": 100, "running_loss": 0.003809845440887979, "_timestamp": 1712096640.1200502, "_runtime": 11.36522626876831, "_step": 99, "_wandb": {"runtime": 9}}