{"epoch": 100, "running_loss": 0.07340448945760727, "_timestamp": 1712671857.8234344, "_runtime": 23.33098530769348, "_step": 200, "validation loss": 0.10765400901436806, "test_loss": 1722.0748291015625}