{"epoch": 10, "running_loss": 0.08767127618193626, "_timestamp": 1712097587.0668342, "_runtime": 9.933775186538696, "_step": 9, "_wandb": {"runtime": 7}}