{"epoch": 50, "running_loss": 0.003998797697325547, "_timestamp": 1712097264.5313108, "_runtime": 10.439888715744019, "_step": 49, "_wandb": {"runtime": 8}}