{"epoch": 100, "running_loss": 0.04934676960110664, "_timestamp": 1712671788.1659663, "_runtime": 23.14915633201599, "_step": 200, "validation loss": 0.06937303766608238, "test_loss": 1138.790283203125}