{"epoch": 51, "running_loss": 0.16988592594861984, "_timestamp": 1712676993.2773938, "_runtime": 11.67666482925415, "_step": 101, "validation loss": 0.22413426637649536, "_wandb": {"runtime": 9}}