{"epoch": 100, "running_loss": 0.004505159399871316, "_timestamp": 1712096609.2915614, "_runtime": 11.26650333404541, "_step": 99, "_wandb": {"runtime": 8}}