{"epoch": 20, "running_loss": 0.0040085758082568645, "_timestamp": 1712073759.2155259, "_runtime": 11.586132764816284, "_step": 39, "validation loss": 0.003039821982383728, "_wandb": {"runtime": 9}}