{"epoch": 10, "running_loss": 0.003980014550810059, "_timestamp": 1712096996.129211, "_runtime": 11.03523588180542, "_step": 9, "_wandb": {"runtime": 8}}