{"epoch": 18, "running_loss": 0.004564905352890491, "_timestamp": 1712672316.6179278, "_runtime": 20.60188579559326, "_step": 36, "validation loss": 0.003244185703806579, "test_loss": 93.23647689819336}