{"epoch": 100, "running_loss": 0.0048904056195169686, "_timestamp": 1712672283.6707602, "_runtime": 24.28993821144104, "_step": 200, "validation loss": 0.003489991999231279, "test_loss": 103.02593231201172}