{"epoch": 50, "running_loss": 0.07203831523656845, "_timestamp": 1712098006.2934492, "_runtime": 10.419071197509766, "_step": 49, "_wandb": {"runtime": 8}}