{"epoch": 100, "running_loss": 0.07180025056004524, "_timestamp": 1712671823.0317938, "_runtime": 23.32808494567871, "_step": 200, "validation loss": 0.10667968913912773, "test_loss": 1699.480224609375}