{"epoch": 100, "running_loss": 0.13147405038277307, "_timestamp": 1712671681.8709102, "_runtime": 23.499821186065674, "_step": 200, "validation loss": 0.19807960093021393, "test_loss": 3006.185302734375}