{"epoch": 100, "running_loss": 0.003738194121979177, "_timestamp": 1712098134.090301, "_runtime": 13.123528957366943, "_step": 99, "_wandb": {"runtime": 10}}