{"epoch": 10, "running_loss": 0.003951866878196597, "_timestamp": 1712097690.2946422, "_runtime": 9.969866275787354, "_step": 9, "_wandb": {"runtime": 7}}