{"epoch": 10, "running_loss": 0.10954598834117253, "_timestamp": 1712096847.9124365, "_runtime": 9.820042371749878, "_step": 9, "_wandb": {"runtime": 7}}