{"epoch": 100, "running_loss": 0.003216932893597654, "_timestamp": 1712096824.0886884, "_runtime": 12.067257404327393, "_step": 99, "_wandb": {"runtime": 9}}