{"epoch": 100, "running_loss": 0.1103254109621048, "_timestamp": 1712671752.7373497, "_runtime": 23.29996085166931, "_step": 200, "validation loss": 0.16810236871242523, "test_loss": 2553.974853515625}