{"epoch": 50, "running_loss": 0.003966192482039332, "_timestamp": 1712097119.198338, "_runtime": 10.413651943206787, "_step": 49, "_wandb": {"runtime": 8}}