{"epoch": 50, "running_loss": 0.0036282838167001805, "_timestamp": 1712097291.133049, "_runtime": 10.328419923782349, "_step": 49, "_wandb": {"runtime": 7}}