{"epoch": 50, "running_loss": 0.004149298649281263, "_timestamp": 1712097959.5576744, "_runtime": 10.243261337280273, "_step": 49, "_wandb": {"runtime": 7}}