{"epoch": 50, "running_loss": 0.004351838125980326, "_timestamp": 1712096391.2392411, "_runtime": 10.560672044754028, "_step": 49, "_wandb": {"runtime": 8}}