{"epoch": 10, "running_loss": 0.056066714227199554, "_timestamp": 1712097663.7581627, "_runtime": 9.808318853378296, "_step": 9, "_wandb": {"runtime": 7}}