{"epoch": 10, "running_loss": 0.03488322968284289, "_timestamp": 1712096969.2095933, "_runtime": 10.113274335861206, "_step": 9, "_wandb": {"runtime": 7}}