{"epoch": 10, "running_loss": 0.0667789342502753, "_timestamp": 1712096873.5743515, "_runtime": 9.884792566299438, "_step": 9, "_wandb": {"runtime": 7}}