{"epoch": 10, "running_loss": 0.00465716072358191, "_timestamp": 1712097767.1764767, "_runtime": 9.968137741088867, "_step": 9, "_wandb": {"runtime": 7}}