{"epoch": 19, "running_loss": 0.0043416512198746204, "_timestamp": 1712072024.5609767, "_runtime": 11.284810781478882, "_step": 37, "validation loss": 0.0030567306093871593, "_wandb": {"runtime": 8}}