{"epoch": 18, "running_loss": 0.0038671755076696477, "_timestamp": 1712068705.6421614, "_runtime": 11.161760330200195, "_step": 35, "validation loss": 0.0029139698017388582, "_wandb": {"runtime": 8}}