{"epoch": 12, "running_loss": 0.005182041010508935, "_timestamp": 1712071810.3555145, "_runtime": 10.994565486907959, "_step": 23, "validation loss": 0.004023762419819832, "_wandb": {"runtime": 8}}