{"epoch": 13, "running_loss": 0.004391246320058902, "_timestamp": 1712072003.0537953, "_runtime": 11.020469427108765, "_step": 25, "validation loss": 0.0030560563318431377, "_wandb": {"runtime": 9}}