{"epoch": 20, "running_loss": 0.003934379278992613, "_timestamp": 1712068615.0626605, "_runtime": 14.92223048210144, "_step": 39, "validation loss": 0.0029570807237178087, "_wandb": {"runtime": 13}}