{"epoch": 100, "running_loss": 0.0032685125645782265, "_timestamp": 1712096740.0550694, "_runtime": 11.29887056350708, "_step": 99, "_wandb": {"runtime": 8}}