{"epoch": 100, "running_loss": 0.003618564423439758, "_timestamp": 1712096714.5718915, "_runtime": 11.525898456573486, "_step": 99, "_wandb": {"runtime": 8}}