{"epoch": 100, "running_loss": 0.014429890550673008, "_timestamp": 1712672062.045961, "_runtime": 24.467346906661987, "_step": 200, "validation loss": 0.015160320326685905, "test_loss": 317.3999938964844}