{"epoch": 18, "running_loss": 0.004289645701646805, "_timestamp": 1712070319.5103402, "_runtime": 10.934457302093506, "_step": 35, "validation loss": 0.0030684606172144413, "_wandb": {"runtime": 8}}