{"epoch": 100, "running_loss": 0.004090801890318592, "_timestamp": 1712097343.0110972, "_runtime": 10.94588017463684, "_step": 99, "_wandb": {"runtime": 8}}