{"epoch": 10, "running_loss": 0.15856445580720901, "_timestamp": 1712096937.0159752, "_runtime": 9.964519262313843, "_step": 9, "_wandb": {"runtime": 7}}