{"epoch": 10, "running_loss": 0.08912327087351254, "_timestamp": 1712096132.8121076, "_runtime": 11.854609489440918, "_step": 9, "_wandb": {"runtime": 9}}