{"epoch": 100, "running_loss": 0.08950897306203842, "_timestamp": 1712098075.0491352, "_runtime": 10.96126127243042, "_step": 99, "_wandb": {"runtime": 8}}