{"epoch": 50, "running_loss": 0.003502184757962823, "_timestamp": 1712097139.7277174, "_runtime": 10.207065343856812, "_step": 49, "_wandb": {"runtime": 7}}