{"epoch": 100, "running_loss": 0.02547045735021432, "_timestamp": 1712672172.8411298, "_runtime": 23.648581743240356, "_step": 200, "validation loss": 0.02944188565015793, "test_loss": 563.9472045898438}