{"epoch": 19, "running_loss": 0.0044177652336657046, "_timestamp": 1712671993.783012, "_runtime": 20.892032861709595, "_step": 38, "validation loss": 0.0030869157053530216, "test_loss": 87.17743682861328}