{"epoch": 50, "running_loss": 0.003902957109468324, "_timestamp": 1712096552.1646006, "_runtime": 10.757713556289673, "_step": 49, "_wandb": {"runtime": 8}}