{"epoch": 50, "running_loss": 0.077550508081913, "_timestamp": 1712097842.716775, "_runtime": 10.613440990447998, "_step": 49, "_wandb": {"runtime": 7}}