{"epoch": 100, "running_loss": 0.07373080551624298, "_timestamp": 1712671895.1978526, "_runtime": 22.86119055747986, "_step": 200, "validation loss": 0.10847551003098488, "test_loss": 1728.4140014648438}