{"epoch": 10, "running_loss": 0.08748103305697441, "_timestamp": 1712097736.6935542, "_runtime": 9.839723110198975, "_step": 9, "_wandb": {"runtime": 7}}