{"epoch": 100, "running_loss": 0.025361792494853336, "_timestamp": 1712672137.5416105, "_runtime": 23.96537446975708, "_step": 200, "validation loss": 0.029324783012270927, "test_loss": 559.452392578125}